-- phpMyAdmin SQL Dump
-- version 4.8.3
-- https://www.phpmyadmin.net/
--
-- Host: 127.0.0.1
-- Generation Time: Mar 05, 2020 at 02:39 PM
-- Server version: 10.1.36-MariaDB
-- PHP Version: 7.2.10

SET SQL_MODE = "NO_AUTO_VALUE_ON_ZERO";
SET AUTOCOMMIT = 0;
START TRANSACTION;
SET time_zone = "+00:00";


/*!40101 SET @OLD_CHARACTER_SET_CLIENT=@@CHARACTER_SET_CLIENT */;
/*!40101 SET @OLD_CHARACTER_SET_RESULTS=@@CHARACTER_SET_RESULTS */;
/*!40101 SET @OLD_COLLATION_CONNECTION=@@COLLATION_CONNECTION */;
/*!40101 SET NAMES utf8mb4 */;

--
-- Database: `sarkyamaldb`
--

-- --------------------------------------------------------

--
-- Table structure for table `admins`
--

CREATE TABLE `admins` (
  `admin_id` int(11) NOT NULL,
  `admin_name` varchar(255) COLLATE utf8_unicode_ci NOT NULL,
  `email` varchar(50) COLLATE utf8_unicode_ci NOT NULL,
  `password` varchar(20) COLLATE utf8_unicode_ci NOT NULL
) ENGINE=InnoDB DEFAULT CHARSET=utf8 COLLATE=utf8_unicode_ci;

-- --------------------------------------------------------

--
-- Table structure for table `menus`
--

CREATE TABLE `menus` (
  `menu_id` varchar(10) COLLATE utf8_unicode_ci NOT NULL,
  `menu_name` varchar(100) COLLATE utf8_unicode_ci NOT NULL,
  `menu_type` varchar(100) COLLATE utf8_unicode_ci NOT NULL,
  `availability` int(11) NOT NULL,
  `photo` varchar(255) COLLATE utf8_unicode_ci NOT NULL
) ENGINE=InnoDB DEFAULT CHARSET=utf8 COLLATE=utf8_unicode_ci;

--
-- Dumping data for table `menus`
--

INSERT INTO `menus` (`menu_id`, `menu_name`, `menu_type`, `availability`, `photo`) VALUES
('M001', 'Fried Rice', 'Main Dish', 0, ''),
('M002', 'Fried Noodle', 'Main Dish', 0, '');

-- --------------------------------------------------------

--
-- Table structure for table `orders`
--

CREATE TABLE `orders` (
  `order_id` varchar(10) COLLATE utf8_unicode_ci NOT NULL,
  `user_id` varchar(10) COLLATE utf8_unicode_ci NOT NULL,
  `date` timestamp NOT NULL DEFAULT CURRENT_TIMESTAMP ON UPDATE CURRENT_TIMESTAMP,
  `total` int(11) NOT NULL,
  `status` varchar(12) COLLATE utf8_unicode_ci NOT NULL
) ENGINE=InnoDB DEFAULT CHARSET=utf8 COLLATE=utf8_unicode_ci;

--
-- Dumping data for table `orders`
--

INSERT INTO `orders` (`order_id`, `user_id`, `date`, `total`, `status`) VALUES
('O2003001', 'U00001', '2020-03-03 14:32:54', 3300, 'pending'),
('O2003002', 'U00002', '2020-03-03 14:41:20', 5500, 'pending'),
('O2003003', 'U00001', '2020-03-05 03:52:18', 7600, 'pending'),
('O2003004', 'U00001', '2020-03-05 05:21:44', 6600, 'pending');

-- --------------------------------------------------------

--
-- Table structure for table `order_detail`
--

CREATE TABLE `order_detail` (
  `order_id` varchar(10) COLLATE utf8_unicode_ci NOT NULL,
  `rm_id` varchar(10) COLLATE utf8_unicode_ci NOT NULL,
  `quantity` int(11) NOT NULL
) ENGINE=InnoDB DEFAULT CHARSET=utf8 COLLATE=utf8_unicode_ci;

--
-- Dumping data for table `order_detail`
--

INSERT INTO `order_detail` (`order_id`, `rm_id`, `quantity`) VALUES
('O2003001', 'P0001', 1),
('O2003001', 'P0003', 1),
('O2003002', 'P0002', 1),
('O2003002', 'P0003', 3),
('O2003003', 'P0001', 2),
('O2003003', 'P0002', 1),
('O2003003', 'P0003', 2),
('O2003004', 'P0001', 2),
('O2003004', 'P0003', 2);

-- --------------------------------------------------------

--
-- Table structure for table `redeem_codes`
--

CREATE TABLE `redeem_codes` (
  `redeem_code` varchar(11) COLLATE utf8_unicode_ci NOT NULL,
  `qrcode` varchar(255) COLLATE utf8_unicode_ci NOT NULL,
  `status` tinyint(1) NOT NULL
) ENGINE=InnoDB DEFAULT CHARSET=utf8 COLLATE=utf8_unicode_ci;

--
-- Dumping data for table `redeem_codes`
--

INSERT INTO `redeem_codes` (`redeem_code`, `qrcode`, `status`) VALUES
('100988004', '', 1),
('103966628', '', 1),
('104411369', '', 0),
('104552259', '', 0),
('107578059', '', 0),
('108114449', '', 0),
('108376670', '', 0),
('108494028', '', 0),
('110462962', '', 0),
('111167274', '', 0),
('112034744', '', 0),
('112288077', '', 0),
('112943220', '', 0),
('114105735', '', 0),
('115282569', '', 0),
('116233264', '', 0),
('117378849', '', 0),
('118052854', '', 0),
('118274019', '', 0),
('118337193', '', 0),
('119574713', '', 0),
('119871846', '', 0),
('121324942', '', 0),
('122502454', '', 0),
('123495367', '', 0),
('124067645', '', 0),
('124918220', '', 0),
('129574337', '', 0),
('129598943', '', 0),
('130083055', '', 0),
('131890515', '', 0),
('131891855', '', 0),
('135055753', '', 0),
('135572057', '', 0),
('135761996', '', 0),
('135773394', '', 0),
('135831077', '', 0),
('135899709', '', 0),
('136112021', '', 0),
('137257289', '', 0),
('138174889', '', 0),
('138981191', '', 0),
('139116383', '', 0),
('140824324', '', 0),
('141081963', '', 0),
('141189527', '', 0),
('144478010', '', 0),
('145399464', '', 0),
('146925259', '', 0),
('147538326', '', 0),
('148981622', '', 0),
('149845312', '', 0),
('150923330', '', 0),
('150930678', '', 0),
('151766834', '', 0),
('152432263', '', 0),
('153294162', '', 0),
('155280433', '', 0),
('155440827', '', 0),
('155815796', '', 0),
('157308580', '', 0),
('158685867', '', 0),
('160279637', '', 0),
('162658163', '', 0),
('162788320', '', 0),
('163694459', '', 0),
('163816415', '', 0),
('164469587', '', 0),
('165235859', '', 0),
('166468484', '', 0),
('166732501', '', 0),
('167107676', '', 0),
('168968648', '', 0),
('169627968', '', 0),
('171733347', '', 0),
('172383158', '', 0),
('172648682', '', 0),
('175348811', '', 0),
('176443758', '', 0),
('176568984', '', 0),
('177011137', '', 0),
('178904204', '', 0),
('179957895', '', 0),
('180751024', '', 0),
('180754376', '', 0),
('180815427', '', 0),
('181268206', '', 0),
('181992203', '', 0),
('182396904', '', 0),
('183114446', '', 0),
('183266025', '', 0),
('183556953', '', 0),
('184646813', '', 0),
('185708462', '', 0),
('185898879', '', 0),
('185946194', '', 0),
('186740657', '', 0),
('189771737', '', 0),
('190046031', '', 0),
('190296210', '', 0),
('191928716', '', 0),
('192760441', '', 0),
('193292398', '', 0),
('194020402', '', 0),
('194151473', '', 0),
('195742514', '', 0),
('196290306', '', 0),
('196494068', '', 0),
('197064574', '', 0),
('197366801', '', 0),
('197636183', '', 0),
('197859570', '', 0),
('197917504', '', 0),
('200068886', '', 0),
('204086826', '', 0),
('204929273', '', 0),
('205680535', '', 0),
('207073039', '', 0),
('207253359', '', 0),
('207430469', '', 0),
('210272464', '', 0),
('210650272', '', 0),
('212481077', '', 0),
('212922632', '', 0),
('215488480', '', 0),
('217250955', '', 0),
('218315648', '', 0),
('218432598', '', 0),
('218732145', '', 0),
('219912908', '', 0),
('219938612', '', 0),
('220340133', '', 0),
('221850119', '', 0),
('222088696', '', 0),
('222183387', '', 0),
('222459324', '', 0),
('222592662', '', 0),
('223071350', '', 0),
('224309501', '', 0),
('229848898', '', 0),
('231633733', '', 0),
('232346999', '', 0),
('233137175', '', 0),
('233577624', '', 0),
('233962859', '', 0),
('234003953', '', 0),
('235859117', '', 0),
('236161305', '', 0),
('236529470', '', 0),
('237367048', '', 0),
('237390620', '', 0),
('238987434', '', 0),
('239382406', '', 0),
('239606499', '', 0),
('240029415', '', 0),
('241099587', '', 0),
('241161261', '', 0),
('241306801', '', 0),
('242360039', '', 0),
('243225652', '', 0),
('243566283', '', 0),
('243774089', '', 0),
('246385296', '', 0),
('246669843', '', 0),
('247908466', '', 0),
('248974290', '', 0),
('249029873', '', 0),
('249234086', '', 0),
('249991670', '', 0),
('250697590', '', 0),
('251419200', '', 0),
('251486073', '', 0),
('251584150', '', 0),
('251826520', '', 0),
('251939352', '', 0),
('252071727', '', 0),
('254176670', '', 0),
('254610538', '', 0),
('255120805', '', 0),
('255762960', '', 0),
('256935132', '', 0),
('257865724', '', 0),
('258828521', '', 0),
('259544493', '', 0),
('263524265', '', 0),
('266909698', '', 0),
('267250035', '', 0),
('271554977', '', 0),
('271647552', '', 0),
('273043543', '', 0),
('273948285', '', 0),
('275807830', '', 0),
('276028169', '', 0),
('276232438', '', 0),
('276503109', '', 0),
('276841701', '', 0),
('276899375', '', 0),
('277173026', '', 0),
('278394784', '', 0),
('280083130', '', 0),
('280143750', '', 0),
('284745805', '', 0),
('284880026', '', 0),
('287024294', '', 0),
('287702422', '', 0),
('288043161', '', 0),
('288108819', '', 0),
('288413084', '', 0),
('289532481', '', 0),
('289662167', '', 0),
('290379061', '', 0),
('290469570', '', 0),
('291645467', '', 0),
('292079261', '', 0),
('295109984', '', 0),
('295760798', '', 0),
('297374744', '', 0),
('297762087', '', 0),
('298120717', '', 0),
('299154861', '', 0),
('299517728', '', 0),
('300420608', '', 0),
('300799939', '', 0),
('301871442', '', 0),
('302657291', '', 0),
('305303284', '', 0),
('305612663', '', 0),
('307233349', '', 0),
('309735256', '', 0),
('310837785', '', 0),
('314511645', '', 0),
('315024433', '', 0),
('317679622', '', 0),
('319557937', '', 0),
('319830299', '', 0),
('321416668', '', 0),
('322518528', '', 0),
('322598683', '', 0),
('323756386', '', 0),
('323900598', '', 0),
('324369225', '', 0),
('325057014', '', 0),
('325563365', '', 0),
('326554191', '', 0),
('326911425', '', 0),
('327196331', '', 0),
('327325947', '', 0),
('328201261', '', 0),
('329875646', '', 0),
('329910566', '', 0),
('330242892', '', 0),
('331877111', '', 0),
('332825651', '', 0),
('333255869', '', 0),
('333903940', '', 0),
('334291062', '', 0),
('334939053', '', 0),
('335190867', '', 0),
('335444055', '', 0),
('336703566', '', 0),
('337615750', '', 0),
('340947624', '', 0),
('341047600', '', 0),
('341566072', '', 0),
('342377966', '', 0),
('342738348', '', 0),
('342769811', '', 0),
('343372312', '', 0),
('343571763', '', 0),
('344102633', '', 0),
('344719294', '', 0),
('348049485', '', 0),
('348310940', '', 0),
('348672553', '', 0),
('348913675', '', 0),
('349731782', '', 0),
('349877725', '', 0),
('350442494', '', 0),
('350534002', '', 0),
('351096702', '', 0),
('351597960', '', 0),
('351714769', '', 0),
('352498256', '', 0),
('353669650', '', 0),
('355024586', '', 0),
('355557799', '', 0),
('356511390', '', 0),
('356687255', '', 0),
('363128530', '', 0),
('365601439', '', 0),
('366265839', '', 0),
('367166865', '', 0),
('367354870', '', 0),
('368433793', '', 0),
('368536789', '', 0),
('369057049', '', 0),
('370596557', '', 0),
('370687264', '', 0),
('372873292', '', 0),
('373939535', '', 0),
('375272563', '', 0),
('375766877', '', 0),
('376347940', '', 0),
('378773300', '', 0),
('379290717', '', 0),
('380005732', '', 0),
('381321561', '', 0),
('381464301', '', 0),
('382006679', '', 0),
('382368014', '', 0),
('385770018', '', 0),
('385921220', '', 0),
('386081417', '', 0),
('386345821', '', 0),
('387653851', '', 0),
('389677511', '', 0),
('391328481', '', 0),
('392074240', '', 0),
('393405812', '', 0),
('395218011', '', 0),
('396336457', '', 0),
('396562433', '', 0),
('397058305', '', 0),
('397683542', '', 0),
('397693881', '', 0),
('397711865', '', 0),
('398174011', '', 0),
('398558951', '', 0),
('399431072', '', 0),
('399916435', '', 0),
('400633548', '', 0),
('401330766', '', 0),
('401971451', '', 0),
('403622853', '', 0),
('404665117', '', 0),
('406157436', '', 0),
('406211688', '', 0),
('407200480', '', 0),
('407293523', '', 0),
('408160409', '', 0),
('409391938', '', 0),
('410081071', '', 0),
('410926575', '', 0),
('411448030', '', 0),
('411889491', '', 0),
('412600009', '', 0),
('412605682', '', 0),
('413875390', '', 0),
('415373967', '', 0),
('415617591', '', 0),
('416562630', '', 0),
('419810181', '', 0),
('420417168', '', 0),
('420629127', '', 0),
('421258840', '', 0),
('421835872', '', 0),
('424269384', '', 0),
('424329540', '', 0),
('426938996', '', 0),
('428815748', '', 0),
('429379994', '', 0),
('430010056', '', 0),
('430342923', '', 0),
('430653417', '', 0),
('430954030', '', 0),
('431628323', '', 0),
('432069213', '', 0),
('433651577', '', 0),
('434459146', '', 0),
('434549899', '', 0),
('435238936', '', 0),
('435736574', '', 0),
('436595057', '', 0),
('436985358', '', 0),
('441331074', '', 0),
('441830501', '', 0),
('442861506', '', 0),
('443182084', '', 0),
('443424590', '', 0),
('444797718', '', 0),
('446764723', '', 0),
('446972694', '', 0),
('447440818', '', 0),
('448566326', '', 0),
('448586752', '', 0),
('449008493', '', 0),
('452960274', '', 0),
('453124305', '', 0),
('454101216', '', 0),
('454323785', '', 0),
('454735137', '', 0),
('455026625', '', 0),
('458161039', '', 0),
('459976567', '', 0),
('460842414', '', 0),
('461279988', '', 0),
('461431225', '', 0),
('461727704', '', 0),
('461890647', '', 0),
('462101004', '', 0),
('462396533', '', 0),
('462610675', '', 0),
('464157590', '', 0),
('465785897', '', 0),
('466869188', '', 0),
('467974692', '', 0),
('468338233', '', 0),
('471796581', '', 0),
('472506120', '', 0),
('474965585', '', 0),
('475545885', '', 0),
('475806516', '', 0),
('476357537', '', 0),
('476813494', '', 0),
('478022226', '', 0),
('478438941', '', 0),
('483188984', '', 0),
('483878971', '', 0),
('484109448', '', 0),
('484420905', '', 0),
('484678845', '', 0),
('485591273', '', 0),
('486354295', '', 0),
('486520032', '', 0),
('488406302', '', 0),
('490173053', '', 0),
('491969349', '', 0),
('494984379', '', 0),
('497188116', '', 0),
('497250270', '', 0),
('498728413', '', 0),
('500264279', '', 0),
('500307025', '', 0),
('500460447', '', 0),
('501915832', '', 0),
('504403272', '', 0),
('504454564', '', 0),
('505572426', '', 0),
('506284072', '', 0),
('506741416', '', 0),
('507285770', '', 0),
('507429834', '', 0),
('508382761', '', 0),
('508769645', '', 0),
('510684163', '', 0),
('510842029', '', 0),
('513536122', '', 0),
('514218835', '', 0),
('514392508', '', 0),
('515112643', '', 0),
('515580675', '', 0),
('515695847', '', 0),
('516015643', '', 0),
('516741333', '', 0),
('517017207', '', 0),
('518174396', '', 0),
('518565558', '', 0),
('519037909', '', 0),
('519562833', '', 0),
('520191542', '', 0),
('523021008', '', 0),
('523111789', '', 0),
('523117790', '', 0),
('523198796', '', 0),
('525434737', '', 0),
('529648553', '', 0),
('530111636', '', 0),
('530286845', '', 0),
('530362943', '', 0),
('531065575', '', 0),
('532536390', '', 0),
('533381696', '', 0),
('533785577', '', 0),
('536108817', '', 0),
('537074349', '', 0),
('537273127', '', 0),
('538314903', '', 0),
('538879342', '', 0),
('539042391', '', 0),
('539804586', '', 0),
('542968164', '', 0),
('544071999', '', 0),
('544727565', '', 0),
('545263605', '', 0),
('546228400', '', 0),
('546840001', '', 0),
('548164718', '', 0),
('548964617', '', 0),
('549142312', '', 0),
('549696475', '', 0),
('549861799', '', 0),
('550992554', '', 0),
('551176574', '', 0),
('551625427', '', 0),
('551698148', '', 0),
('554086812', '', 0),
('554572632', '', 0),
('556365684', '', 0),
('556438935', '', 0),
('557094351', '', 0),
('557357457', '', 0),
('558543833', '', 0),
('559067624', '', 0),
('559180106', '', 0),
('559374765', '', 0),
('561971588', '', 0),
('563281422', '', 0),
('563775029', '', 0),
('564196843', '', 0),
('565305714', '', 0),
('565963864', '', 0),
('567449325', '', 0),
('569201223', '', 0),
('571893704', '', 0),
('572100649', '', 0),
('575150232', '', 0),
('577965099', '', 0),
('580020785', '', 0),
('581488205', '', 0),
('584053103', '', 0),
('584069341', '', 0),
('584101763', '', 0),
('584261820', '', 0),
('584877719', '', 0),
('585548653', '', 0),
('586518224', '', 0),
('587033501', '', 0),
('589554484', '', 0),
('590567753', '', 0),
('591971344', '', 0),
('592121123', '', 0),
('592272893', '', 0),
('593710659', '', 0),
('594012910', '', 0),
('594958616', '', 0),
('595311126', '', 0),
('595375939', '', 0),
('596219213', '', 0),
('596308346', '', 0),
('598027924', '', 0),
('598563394', '', 0),
('600303164', '', 0),
('601919591', '', 0),
('602834935', '', 0),
('603167095', '', 0),
('603772836', '', 0),
('605479839', '', 0),
('606179166', '', 0),
('606209357', '', 0),
('608347358', '', 0),
('608512901', '', 0),
('608537962', '', 0),
('609767872', '', 0),
('611847271', '', 0),
('613184973', '', 0),
('613370117', '', 0),
('613853216', '', 0),
('614109884', '', 0),
('614447952', '', 0),
('615006898', '', 0),
('615464372', '', 0),
('616565017', '', 0),
('616702212', '', 0),
('616986057', '', 0),
('617514668', '', 0),
('617892651', '', 0),
('617980185', '', 0),
('618484091', '', 0),
('618984319', '', 0),
('619170984', '', 0),
('619472794', '', 0),
('620310057', '', 0),
('622889020', '', 0),
('623440651', '', 0),
('623684011', '', 0),
('624642893', '', 0),
('624675085', '', 0),
('627957633', '', 0),
('628836469', '', 0),
('631605111', '', 0),
('632491930', '', 0),
('632880938', '', 0),
('634562607', '', 0),
('634689185', '', 0),
('635148336', '', 0),
('635165887', '', 0),
('636139034', '', 0),
('636786805', '', 0),
('636860345', '', 0),
('637277021', '', 0),
('637660316', '', 0),
('638782541', '', 0),
('638897749', '', 0),
('640091902', '', 0),
('642397903', '', 0),
('644213010', '', 0),
('644241187', '', 0),
('646554059', '', 0),
('649499096', '', 0),
('649600693', '', 0),
('650654514', '', 0),
('654788907', '', 0),
('657457494', '', 0),
('657553216', '', 0),
('657555094', '', 0),
('659754614', '', 0),
('659875349', '', 0),
('660312400', '', 0),
('662414747', '', 0),
('664198576', '', 0),
('664856052', '', 0),
('665128133', '', 0),
('665670931', '', 0),
('666060532', '', 0),
('666141873', '', 0),
('667452775', '', 0),
('670977831', '', 0),
('671741262', '', 0),
('672766190', '', 0),
('673434750', '', 0),
('673668051', '', 0),
('673796632', '', 0),
('676797455', '', 0),
('678774546', '', 0),
('679463606', '', 0),
('679504418', '', 0),
('681076840', '', 0),
('681090712', '', 0),
('681919388', '', 0),
('683428054', '', 0),
('684313613', '', 0),
('687854316', '', 0),
('690261404', '', 0),
('691827296', '', 0),
('692025400', '', 0),
('692402677', '', 0),
('692728983', '', 0),
('693733451', '', 0),
('694877355', '', 0),
('695385458', '', 0),
('695722015', '', 0),
('696679141', '', 0),
('698399588', '', 0),
('698408764', '', 0),
('699187467', '', 0),
('699845428', '', 0),
('700346809', '', 0),
('701103940', '', 0),
('701311546', '', 0),
('701537550', '', 0),
('701944681', '', 0),
('702709005', '', 0),
('703718882', '', 0),
('704364620', '', 0),
('704581257', '', 0),
('705232231', '', 0),
('706789187', '', 0),
('707084420', '', 0),
('708979939', '', 0),
('709133092', '', 0),
('712208296', '', 0),
('713315002', '', 0),
('714424861', '', 0),
('715509039', '', 0),
('717373843', '', 0),
('718493851', '', 0),
('718977212', '', 0),
('719723204', '', 0),
('721318853', '', 0),
('721421782', '', 0),
('721720077', '', 0),
('722463361', '', 0),
('723425431', '', 0),
('723633761', '', 0),
('724769083', '', 0),
('725036680', '', 0),
('726044360', '', 0),
('726117717', '', 0),
('726258831', '', 0),
('728623997', '', 0),
('729051927', '', 0),
('730014813', '', 0),
('731316715', '', 0),
('731355476', '', 0),
('732629299', '', 0),
('732800691', '', 0),
('733467184', '', 0),
('734366460', '', 0),
('739937403', '', 0),
('740251506', '', 0),
('740335002', '', 0),
('740773146', '', 0),
('742916842', '', 0),
('743055960', '', 0),
('743759013', '', 0),
('744840822', '', 0),
('745945069', '', 0),
('746557041', '', 0),
('747462600', '', 0),
('747565741', '', 0),
('747882673', '', 0),
('748113773', '', 0),
('748477101', '', 0),
('748908064', '', 0),
('750064960', '', 0),
('750221465', '', 0),
('750494219', '', 0),
('750814239', '', 0),
('750892438', '', 0),
('753946416', '', 0),
('754246793', '', 0),
('756766158', '', 0),
('759547972', '', 0),
('759778597', '', 0),
('759934409', '', 0),
('761192543', '', 0),
('761918939', '', 0),
('762361189', '', 0),
('762731399', '', 0),
('762805861', '', 0),
('763367938', '', 0),
('763682215', '', 0),
('764365844', '', 0),
('765208203', '', 0),
('765618243', '', 0),
('766846874', '', 0),
('769026953', '', 0),
('769324125', '', 0),
('770334191', '', 0),
('770500800', '', 0),
('771409519', '', 0),
('772032466', '', 0),
('772060817', '', 0),
('773596992', '', 0),
('774216348', '', 0),
('774386360', '', 0),
('774445516', '', 0),
('777439748', '', 0),
('779182627', '', 0),
('779759304', '', 0),
('782503464', '', 0),
('782961365', '', 0),
('783114493', '', 0),
('784730433', '', 0),
('786031417', '', 0),
('786114106', '', 0),
('786589212', '', 0),
('787599990', '', 0),
('788134547', '', 0),
('789013941', '', 0),
('791091488', '', 0),
('791538233', '', 0),
('792211722', '', 0),
('792826445', '', 0),
('792976488', '', 0),
('793033317', '', 0),
('796806632', '', 0),
('798464686', '', 0),
('799336333', '', 0),
('799516849', '', 0),
('801353312', '', 0),
('801401172', '', 0),
('801603302', '', 0),
('801779673', '', 0),
('802280471', '', 0),
('803682498', '', 0),
('804763681', '', 0),
('805236592', '', 0),
('805592330', '', 0),
('805602523', '', 0),
('806031905', '', 0),
('806142286', '', 0),
('806789803', '', 0),
('807179954', '', 0),
('807322765', '', 0),
('807479309', '', 0),
('808998277', '', 0),
('809243364', '', 0),
('809654244', '', 0),
('810175418', '', 0),
('810179172', '', 0),
('810732348', '', 0),
('810953800', '', 0),
('811179093', '', 0),
('812675915', '', 0),
('812783094', '', 0),
('812894547', '', 0),
('814161388', '', 0),
('814389269', '', 0),
('815695613', '', 0),
('816017071', '', 0),
('816929621', '', 0),
('817349747', '', 0),
('818282584', '', 0),
('818611170', '', 0),
('821407963', '', 0),
('821716517', '', 0),
('822030113', '', 0),
('823488081', '', 0),
('823895081', '', 0),
('825548394', '', 0),
('826137627', '', 0),
('826151549', '', 0),
('826798573', '', 0),
('826942798', '', 0),
('829216115', '', 0),
('830001345', '', 0),
('830147415', '', 0),
('831177753', '', 0),
('832393521', '', 0),
('834297881', '', 0),
('834731365', '', 0),
('835573986', '', 0),
('836574824', '', 0),
('836860356', '', 0),
('837606802', '', 0),
('837978077', '', 0),
('838108564', '', 0),
('838507175', '', 0),
('839116845', '', 0),
('839561986', '', 0),
('840461129', '', 0),
('841119809', '', 0),
('841531970', '', 0),
('842375950', '', 0),
('847155890', '', 0),
('849296621', '', 0),
('849788894', '', 0),
('850042529', '', 0),
('853074296', '', 0),
('853529740', '', 0),
('855711438', '', 0),
('857099094', '', 0),
('858370551', '', 0),
('859743004', '', 0),
('860116493', '', 0),
('860480932', '', 0),
('860899927', '', 0),
('861052363', '', 0),
('861056765', '', 0),
('861137063', '', 0),
('861421759', '', 0),
('862308734', '', 0),
('862645319', '', 0),
('862687895', '', 0),
('863088082', '', 0),
('863166509', '', 0),
('864294611', '', 0),
('864813740', '', 0),
('865757170', '', 0),
('866925955', '', 0),
('866999184', '', 0),
('868026422', '', 0),
('868790529', '', 0),
('869070620', '', 0),
('869071610', '', 0),
('871618754', '', 0),
('872362595', '', 0),
('873091683', '', 0),
('875251146', '', 0),
('875407192', '', 0),
('875635544', '', 0),
('876112874', '', 0),
('878383424', '', 0),
('878588572', '', 0),
('879208479', '', 0),
('880200708', '', 0),
('881839833', '', 0),
('883265146', '', 0),
('883882048', '', 0),
('884488798', '', 0),
('885095596', '', 0),
('887333558', '', 0),
('887783696', '', 0),
('887858792', '', 0),
('888134430', '', 0),
('888381075', '', 0),
('888393804', '', 0),
('889141812', '', 0),
('889346924', '', 0),
('890114164', '', 0),
('890908250', '', 0),
('892298656', '', 0),
('893475644', '', 0),
('893667665', '', 0),
('893696243', '', 0),
('894122715', '', 0),
('894130260', '', 0),
('897677203', '', 0),
('898277801', '', 0),
('898339922', '', 0),
('898387107', '', 0),
('898827159', '', 0),
('900690221', '', 0),
('900710658', '', 0),
('903881370', '', 0),
('903904441', '', 0),
('903908192', '', 0),
('905937748', '', 0),
('906158877', '', 0),
('908136176', '', 0),
('909444969', '', 0),
('910197981', '', 0),
('911663240', '', 0),
('913325587', '', 0),
('913660373', '', 0),
('915015118', '', 0),
('916574138', '', 0),
('918137381', '', 0),
('918281292', '', 0),
('918709523', '', 0),
('919643810', '', 0),
('920308330', '', 0),
('920666472', '', 0),
('920826954', '', 0),
('922825324', '', 0),
('923116156', '', 0),
('923522447', '', 0),
('923654635', '', 0),
('924177594', '', 0),
('924975318', '', 0),
('925101471', '', 0),
('925556741', '', 0),
('925636215', '', 0),
('928707208', '', 0),
('928943115', '', 0),
('929507446', '', 0),
('929523803', '', 0),
('930399765', '', 0),
('932510636', '', 0),
('932727362', '', 0),
('932829494', '', 0),
('934072593', '', 0),
('936701066', 'a', 0),
('937354428', '', 0),
('937534965', '', 0),
('941655652', '', 0),
('942172397', '', 0),
('943698211', '', 0),
('944666095', '', 0),
('945603250', '', 0),
('948081641', '', 0),
('948709826', '', 0),
('949469478', '', 0),
('950486879', '', 0),
('950504840', '', 0),
('954268234', '', 0),
('954879052', '', 0),
('956608786', '', 0),
('957575417', '', 0),
('957613104', '', 0),
('959757934', '', 0),
('959890911', '', 0),
('959906675', '', 0),
('960425125', '', 0),
('960484164', '', 0),
('960985487', '', 0),
('961177538', '', 0),
('964346649', '', 0),
('965355705', '', 0),
('965369383', '', 0),
('966239433', '', 0),
('966462886', '', 0),
('967402477', '', 0),
('968232838', '', 0),
('969834502', '', 0),
('970840709', '', 0),
('971695758', '', 0),
('973354727', '', 0),
('974077756', '', 0),
('974232883', '', 0),
('975650621', '', 0),
('978097602', '', 0),
('979784570', '', 0),
('980032255', '', 0),
('981251936', '', 0),
('981415574', '', 0),
('981496343', '', 0),
('982749789', '', 0),
('982897953', '', 0),
('983641430', '', 0),
('983926395', '', 0),
('984031047', '', 0),
('985443222', '', 0),
('986992499', '', 0),
('987325624', '', 0),
('988789582', '', 0),
('989014128', '', 0),
('989207546', '', 0),
('989457426', '', 0),
('990206581', '', 0),
('990346156', '', 0),
('990660256', '', 0),
('990720634', '', 0),
('991735163', '', 0),
('994111052', '', 0),
('994273753', '', 0),
('995111326', '', 0),
('995385362', '', 0),
('999449184', '', 0);

-- --------------------------------------------------------

--
-- Table structure for table `replies`
--

CREATE TABLE `replies` (
  `reply_id` varchar(10) COLLATE utf8_unicode_ci NOT NULL,
  `user_id` varchar(10) COLLATE utf8_unicode_ci NOT NULL,
  `review_id` varchar(10) COLLATE utf8_unicode_ci NOT NULL,
  `reply` varchar(255) COLLATE utf8_unicode_ci NOT NULL
) ENGINE=InnoDB DEFAULT CHARSET=utf8 COLLATE=utf8_unicode_ci;

-- --------------------------------------------------------

--
-- Table structure for table `restaurants`
--

CREATE TABLE `restaurants` (
  `restaurant_id` varchar(10) COLLATE utf8_unicode_ci NOT NULL,
  `restaurant_name` varchar(255) COLLATE utf8_unicode_ci NOT NULL,
  `contact_ph` varchar(20) COLLATE utf8_unicode_ci NOT NULL,
  `location` varchar(11) COLLATE utf8_unicode_ci NOT NULL
) ENGINE=InnoDB DEFAULT CHARSET=utf8 COLLATE=utf8_unicode_ci;

--
-- Dumping data for table `restaurants`
--

INSERT INTO `restaurants` (`restaurant_id`, `restaurant_name`, `contact_ph`, `location`) VALUES
('R01', 'T-Food', '0987654321', '7'),
('R02', 'Ko Nyi', '9394', '0'),
('R03', 'Kan Tar Yar', '3', '0'),
('R04', 'Moe Pyar', '4', '0'),
('R05', 'Min Mahar', '5', '0'),
('R06', 'Shwe Luck Toe', '6', '9');

-- --------------------------------------------------------

--
-- Table structure for table `restaurant_menu`
--

CREATE TABLE `restaurant_menu` (
  `rm_id` varchar(11) COLLATE utf8_unicode_ci NOT NULL,
  `restaurant_id` varchar(10) COLLATE utf8_unicode_ci NOT NULL,
  `menu_id` varchar(10) COLLATE utf8_unicode_ci NOT NULL,
  `price` int(11) NOT NULL,
  `description` text COLLATE utf8_unicode_ci NOT NULL,
  `rating` int(11) NOT NULL
) ENGINE=InnoDB DEFAULT CHARSET=utf8 COLLATE=utf8_unicode_ci;

--
-- Dumping data for table `restaurant_menu`
--

INSERT INTO `restaurant_menu` (`rm_id`, `restaurant_id`, `menu_id`, `price`, `description`, `rating`) VALUES
('P0001', 'R01', 'M001', 1800, 'Chicken/ Pork/ Seafood', 0),
('P0002', 'R03', 'M001', 1000, '', 0),
('P0003', 'R01', 'M002', 1500, 'Chicken/ Pork', 0);

-- --------------------------------------------------------

--
-- Table structure for table `reviews`
--

CREATE TABLE `reviews` (
  `review_id` varchar(10) COLLATE utf8_unicode_ci NOT NULL,
  `user_id` varchar(10) COLLATE utf8_unicode_ci NOT NULL,
  `rm_id` varchar(10) COLLATE utf8_unicode_ci NOT NULL,
  `review` varchar(255) COLLATE utf8_unicode_ci NOT NULL,
  `rating` int(11) NOT NULL
) ENGINE=InnoDB DEFAULT CHARSET=utf8 COLLATE=utf8_unicode_ci;

-- --------------------------------------------------------

--
-- Table structure for table `users`
--

CREATE TABLE `users` (
  `user_id` varchar(10) COLLATE utf8_unicode_ci NOT NULL,
  `user_name` varchar(255) COLLATE utf8_unicode_ci NOT NULL,
  `email` varchar(50) COLLATE utf8_unicode_ci NOT NULL,
  `password` varchar(32) COLLATE utf8_unicode_ci NOT NULL,
  `profile` varchar(255) COLLATE utf8_unicode_ci NOT NULL,
  `balance` int(11) NOT NULL,
  `hash` varchar(32) COLLATE utf8_unicode_ci NOT NULL,
  `active` tinyint(1) NOT NULL
) ENGINE=InnoDB DEFAULT CHARSET=utf8 COLLATE=utf8_unicode_ci;

--
-- Dumping data for table `users`
--

INSERT INTO `users` (`user_id`, `user_name`, `email`, `password`, `profile`, `balance`, `hash`, `active`) VALUES
('U00001', 'm3pk', 'mmmpk2732@gmail.com', 'c5a96af72cb33c7d182b50e02886f81c', '', 800, '061412e4a03c02f9902576ec55ebbe77', 1),
('U00002', 'kelly', 'kakakellie.9@gmail.com', 'c5a96af72cb33c7d182b50e02886f81c', '', 0, 'aba3b6fd5d186d28e06ff97135cade7f', 1),
('U00003', 'may', 'maymmoepwintk@gmail.com', 'c5a96af72cb33c7d182b50e02886f81c', '', 0, '15de21c670ae7c3f6f3f1f37029303c9', 0);

--
-- Indexes for dumped tables
--

--
-- Indexes for table `admins`
--
ALTER TABLE `admins`
  ADD PRIMARY KEY (`admin_id`);

--
-- Indexes for table `menus`
--
ALTER TABLE `menus`
  ADD PRIMARY KEY (`menu_id`);

--
-- Indexes for table `orders`
--
ALTER TABLE `orders`
  ADD PRIMARY KEY (`order_id`);

--
-- Indexes for table `order_detail`
--
ALTER TABLE `order_detail`
  ADD PRIMARY KEY (`order_id`,`rm_id`);

--
-- Indexes for table `redeem_codes`
--
ALTER TABLE `redeem_codes`
  ADD PRIMARY KEY (`redeem_code`);

--
-- Indexes for table `replies`
--
ALTER TABLE `replies`
  ADD PRIMARY KEY (`reply_id`);

--
-- Indexes for table `restaurants`
--
ALTER TABLE `restaurants`
  ADD PRIMARY KEY (`restaurant_id`);

--
-- Indexes for table `restaurant_menu`
--
ALTER TABLE `restaurant_menu`
  ADD PRIMARY KEY (`rm_id`);

--
-- Indexes for table `reviews`
--
ALTER TABLE `reviews`
  ADD PRIMARY KEY (`review_id`);

--
-- Indexes for table `users`
--
ALTER TABLE `users`
  ADD PRIMARY KEY (`user_id`);
COMMIT;

/*!40101 SET CHARACTER_SET_CLIENT=@OLD_CHARACTER_SET_CLIENT */;
/*!40101 SET CHARACTER_SET_RESULTS=@OLD_CHARACTER_SET_RESULTS */;
/*!40101 SET COLLATION_CONNECTION=@OLD_COLLATION_CONNECTION */;
